Datum,Den_v_tydnu,Porucha,Timestamp,Predicted_Probabilities
2023-03-02,3,0,1677715200000000000,0.51707387
2023-03-03,4,0,1677801600000000000,0.51042104
2023-03-04,5,0,1677888000000000000,0.50203085
2023-03-05,6,0,1677974400000000000,0.49458903
2023-03-06,0,0,1678060800000000000,0.48703027
2023-03-07,1,0,1678147200000000000,0.48251942
2023-03-08,2,2,1678233600000000000,0.4852236
2023-03-09,3,0,1678320000000000000,0.48824635
2023-03-10,4,0,1678406400000000000,0.48987544
2023-03-11,5,0,1678492800000000000,0.48789534
2023-03-12,6,0,1678579200000000000,0.48160926
2023-03-13,0,0,1678665600000000000,0.4762602
2023-03-14,1,0,1678752000000000000,0.4722657
2023-03-15,2,0,1678838400000000000,0.46910197
2023-03-16,3,0,1678924800000000000,0.46600106
2023-03-17,4,0,1679011200000000000,0.46331045
2023-03-18,5,2,1679097600000000000,0.4646019
2023-03-19,6,0,1679184000000000000,0.46326157
2023-03-20,0,1,1679270400000000000,0.47134715
2023-03-21,1,1,1679356800000000000,0.47763246
2023-03-22,2,3,1679443200000000000,0.48673517
2023-03-23,3,0,1679529600000000000,0.49071857
2023-03-24,4,1,1679616000000000000,0.4910587
2023-03-25,5,0,1679702400000000000,0.48007563
2023-03-26,6,0,1679788800000000000,0.4588382
2023-03-27,0,0,1679875200000000000,0.43447778
2023-03-28,1,0,1679961600000000000,0.40823382
2023-03-29,2,0,1680048000000000000,0.3810109
2023-03-30,3,0,1680134400000000000,0.35355955
2023-03-31,4,0,1680220800000000000,0.32778648
2023-04-01,5,3,1680307200000000000,0.31123826
2023-04-02,6,0,1680393600000000000,0.2938288
2023-04-03,0,0,1680480000000000000,0.27939653
2023-04-04,1,0,1680566400000000000,0.26761448
2023-04-05,2,2,1680652800000000000,0.26350608
2023-04-06,3,0,1680739200000000000,0.2596419
2023-04-07,4,0,1680825600000000000,0.25573185
2023-04-08,5,0,1680912000000000000,0.25028783
2023-04-09,6,0,1680998400000000000,0.2431709
2023-04-10,0,0,1681084800000000000,0.238808
2023-04-11,1,1,1681171200000000000,0.2411658
2023-04-12,2,3,1681257600000000000,0.25535694
2023-04-13,3,0,1681344000000000000,0.26974586
2023-04-14,4,0,1681430400000000000,0.28346187
2023-04-15,5,0,1681516800000000000,0.29310173
2023-04-16,6,0,1681603200000000000,0.29746392
2023-04-17,0,0,1681689600000000000,0.30115387
2023-04-18,1,0,1681776000000000000,0.30556196
2023-04-19,2,0,1681862400000000000,0.3107552
2023-04-20,3,0,1681948800000000000,0.31635395
2023-04-21,4,0,1682035200000000000,0.3314129
2023-04-22,5,0,1682121600000000000,0.33969748
2023-04-23,6,0,1682208000000000000,0.34666967
2023-04-24,0,0,1682294400000000000,0.3626823
2023-04-25,1,0,1682380800000000000,0.37602076
2023-04-26,2,2,1682467200000000000,0.39783752
2023-04-27,3,0,1682553600000000000,0.41928035
2023-04-28,4,0,1682640000000000000,0.43982363
2023-04-29,5,1,1682726400000000000,0.45806143
2023-04-30,6,1,1682812800000000000,0.47241774
2023-05-01,0,0,1682899200000000000,0.48369595
2023-05-02,1,0,1682985600000000000,0.49187762
2023-05-03,2,3,1683072000000000000,0.50301325
2023-05-04,3,0,1683158400000000000,0.5084197
2023-05-05,4,0,1683244800000000000,0.50825226
2023-05-06,5,3,1683331200000000000,0.5053308
2023-05-07,6,0,1683417600000000000,0.5024885
2023-05-08,0,0,1683504000000000000,0.48485634
2023-05-09,1,0,1683590400000000000,0.4616679
2023-05-10,2,0,1683676800000000000,0.43311477
2023-05-11,3,0,1683763200000000000,0.39989787
2023-05-12,4,0,1683849600000000000,0.36807966
2023-05-13,5,3,1683936000000000000,0.34191766
2023-05-14,6,0,1684022400000000000,0.3130632
2023-05-15,0,0,1684108800000000000,0.28640756
2023-05-16,1,0,1684195200000000000,0.2620349
2023-05-17,2,3,1684281600000000000,0.2628272
2023-05-18,3,0,1684368000000000000,0.2473103
2023-05-19,4,0,1684454400000000000,0.23896636
2023-05-20,5,0,1684540800000000000,0.22750801
2023-05-21,6,0,1684627200000000000,0.2222827
2023-05-22,0,0,1684713600000000000,0.20545997
2023-05-23,1,0,1684800000000000000,0.19565432
2023-05-24,2,0,1684886400000000000,0.18594828
2023-05-25,3,0,1684972800000000000,0.17957245
2023-05-26,4,2,1685059200000000000,0.18272159
2023-05-27,5,0,1685145600000000000,0.18792967
2023-05-28,6,0,1685232000000000000,0.1941357
2023-05-29,0,2,1685318400000000000,0.2089779
2023-05-30,1,0,1685404800000000000,0.22684078
2023-05-31,2,2,1685491200000000000,0.2747873
2023-06-01,3,0,1685577600000000000,0.3003353
2023-06-02,4,0,1685664000000000000,0.325121
2023-06-03,5,0,1685750400000000000,0.34281978
2023-06-04,6,0,1685836800000000000,0.37147692
2023-06-05,0,0,1685923200000000000,0.37770492
2023-06-06,1,0,1686009600000000000,0.38217667
2023-06-07,2,0,1686096000000000000,0.38522494
2023-06-08,3,0,1686182400000000000,0.38678956
2023-06-09,4,0,1686268800000000000,0.3912882
2023-06-10,5,0,1686355200000000000,0.4030964
2023-06-11,6,0,1686441600000000000,0.42481905
2023-06-12,0,0,1686528000000000000,0.4256819
2023-06-13,1,0,1686614400000000000,0.42917442
2023-06-14,2,0,1686700800000000000,0.4343751
2023-06-15,3,0,1686787200000000000,0.4399555
2023-06-16,4,0,1686873600000000000,0.44752198
2023-06-17,5,0,1686960000000000000,0.45328027
2023-06-18,6,0,1687046400000000000,0.45628038
2023-06-19,0,0,1687132800000000000,0.4605657
2023-06-20,1,0,1687219200000000000,0.46645117
2023-06-21,2,1,1687305600000000000,0.47552073
2023-06-22,3,3,1687392000000000000,0.4909154
2023-06-23,4,2,1687478400000000000,0.5094537
2023-06-24,5,0,1687564800000000000,0.5200137
2023-06-25,6,0,1687651200000000000,0.52982706
2023-06-26,0,0,1687737600000000000,0.5234368
2023-06-27,1,0,1687824000000000000,0.5116442
2023-06-28,2,0,1687910400000000000,0.50042987
2023-06-29,3,0,1687996800000000000,0.48455888
2023-06-30,4,0,1688083200000000000,0.46185625
2023-07-01,5,0,1688169600000000000,0.43522817
2023-07-02,6,0,1688256000000000000,0.4265166
2023-07-03,0,0,1688342400000000000,0.4003567
2023-07-04,1,3,1688428800000000000,0.38620502
2023-07-05,2,1,1688515200000000000,0.39628255
2023-07-06,3,0,1688601600000000000,0.3854581
2023-07-07,4,0,1688688000000000000,0.3738722
2023-07-08,5,1,1688774400000000000,0.36029702
2023-07-09,6,0,1688860800000000000,0.3416808
2023-07-10,0,0,1688947200000000000,0.32371676
2023-07-11,1,0,1689033600000000000,0.30717412
2023-07-12,2,0,1689120000000000000,0.30587742
2023-07-13,3,0,1689206400000000000,0.29194614
2023-07-14,4,0,1689292800000000000,0.2806992
2023-07-15,5,0,1689379200000000000,0.2705773
2023-07-16,6,2,1689465600000000000,0.2785911
2023-07-17,0,2,1689552000000000000,0.28485927
2023-07-18,1,0,1689638400000000000,0.29291335
2023-07-19,2,0,1689724800000000000,0.30041873
2023-07-20,3,0,1689811200000000000,0.30540565
2023-07-21,4,0,1689897600000000000,0.30994132
2023-07-22,5,0,1689984000000000000,0.31077567
2023-07-23,6,0,1690070400000000000,0.30776545
2023-07-24,0,0,1690156800000000000,0.3060697
2023-07-25,1,3,1690243200000000000,0.32986185
2023-07-26,2,0,1690329600000000000,0.34020463
2023-07-27,3,0,1690416000000000000,0.34832093
2023-07-28,4,2,1690502400000000000,0.37476477
2023-07-29,5,2,1690588800000000000,0.3861737
2023-07-30,6,0,1690675200000000000,0.39886427
2023-07-31,0,0,1690761600000000000,0.39454895
2023-08-01,1,0,1690848000000000000,0.38525388
2023-08-02,2,2,1690934400000000000,0.37634218
2023-08-03,3,2,1691020800000000000,0.36653113
2023-08-04,4,0,1691107200000000000,0.35185808
2023-08-05,5,0,1691193600000000000,0.3289456
2023-08-06,6,0,1691280000000000000,0.29884234
2023-08-07,0,0,1691366400000000000,0.26881915
2023-08-08,1,0,1691452800000000000,0.24058129
2023-08-09,2,0,1691539200000000000,0.21495463
2023-08-10,3,0,1691625600000000000,0.19232422
2023-08-11,4,0,1691712000000000000,0.17537643
2023-08-12,5,0,1691798400000000000,0.16147377
2023-08-13,6,0,1691884800000000000,0.15052481
2023-08-14,0,0,1691971200000000000,0.14495185
2023-08-15,1,0,1692057600000000000,0.1455274
2023-08-16,2,2,1692144000000000000,0.15687665
2023-08-17,3,0,1692230400000000000,0.17370443
2023-08-18,4,0,1692316800000000000,0.19769718
2023-08-19,5,0,1692403200000000000,0.2250431
2023-08-20,6,0,1692489600000000000,0.26138264
2023-08-21,0,0,1692576000000000000,0.3154849
2023-08-22,1,0,1692662400000000000,0.36095983
2023-08-23,2,0,1692748800000000000,0.39099512
2023-08-24,3,0,1692835200000000000,0.41690338
2023-08-25,4,0,1692921600000000000,0.44143158
2023-08-26,5,1,1693008000000000000,0.4628065
2023-08-27,6,0,1693094400000000000,0.47735372
2023-08-28,0,0,1693180800000000000,0.48860234
2023-08-29,1,0,1693267200000000000,0.49758545
2023-08-30,2,2,1693353600000000000,0.5086816
2023-08-31,3,2,1693440000000000000,0.52028084
2023-09-01,4,0,1693526400000000000,0.5292523
2023-09-02,5,0,1693612800000000000,0.5466087
2023-09-03,6,0,1693699200000000000,0.54114693
2023-09-04,0,0,1693785600000000000,0.52735436
2023-09-05,1,0,1693872000000000000,0.51063865
2023-09-06,2,0,1693958400000000000,0.49625206
2023-09-07,3,0,1694044800000000000,0.47412884
2023-09-08,4,0,1694131200000000000,0.4525411
2023-09-09,5,0,1694217600000000000,0.42870605
2023-09-10,6,3,1694304000000000000,0.41058272
2023-09-11,0,0,1694390400000000000,0.39510328
2023-09-12,1,0,1694476800000000000,0.38049972
2023-09-13,2,0,1694563200000000000,0.36543056
2023-09-14,3,2,1694649600000000000,0.36665985
2023-09-15,4,2,1694736000000000000,0.37103713
2023-09-16,5,2,1694822400000000000,0.3627252
2023-09-17,6,0,1694908800000000000,0.3451909
2023-09-18,0,0,1694995200000000000,0.3232172
2023-09-19,1,0,1695081600000000000,0.29769892
2023-09-20,2,0,1695168000000000000,0.26979882
2023-09-21,3,0,1695254400000000000,0.24098827
2023-09-22,4,0,1695340800000000000,0.21492991
2023-09-23,5,0,1695427200000000000,0.20522816
2023-09-24,6,0,1695513600000000000,0.18125276
2023-09-25,0,0,1695600000000000000,0.1625567
2023-09-26,1,2,1695686400000000000,0.16283727
2023-09-27,2,0,1695772800000000000,0.16679521
2023-09-28,3,0,1695859200000000000,0.1649523
2023-09-29,4,0,1695945600000000000,0.16746521
2023-09-30,5,1,1696032000000000000,0.17433919
2023-10-01,6,0,1696118400000000000,0.19236542
2023-10-02,0,0,1696204800000000000,0.2137087
2023-10-03,1,0,1696291200000000000,0.22966711
2023-10-04,2,0,1696377600000000000,0.24891455
2023-10-05,3,1,1696464000000000000,0.2730634
2023-10-06,4,2,1696550400000000000,0.30624261
2023-10-07,5,0,1696636800000000000,0.3362926
2023-10-08,6,0,1696723200000000000,0.35979363
2023-10-09,0,0,1696809600000000000,0.3792076
2023-10-10,1,0,1696896000000000000,0.39527822
2023-10-11,2,0,1696982400000000000,0.40737355
2023-10-12,3,0,1697068800000000000,0.41486272
2023-10-13,4,0,1697155200000000000,0.42213774
2023-10-14,5,3,1697241600000000000,0.4330413
2023-10-15,6,0,1697328000000000000,0.45191675
2023-10-16,0,0,1697414400000000000,0.45245263
2023-10-17,1,0,1697500800000000000,0.4497991
2023-10-18,2,3,1697587200000000000,0.4507688
2023-10-19,3,0,1697673600000000000,0.44612807
2023-10-20,4,0,1697760000000000000,0.43851587
2023-10-21,5,0,1697846400000000000,0.42234597
2023-10-22,6,3,1697932800000000000,0.40507087
2023-10-23,0,0,1698019200000000000,0.38495743
2023-10-24,1,0,1698105600000000000,0.36137435
2023-10-25,2,2,1698192000000000000,0.3472034
2023-10-26,3,0,1698278400000000000,0.3198374
2023-10-27,4,0,1698364800000000000,0.29188508
2023-10-28,5,0,1698451200000000000,0.26044488
2023-10-29,6,0,1698537600000000000,0.24101746
2023-10-30,0,0,1698624000000000000,0.2224809
2023-10-31,1,3,1698710400000000000,0.20316215
2023-11-01,2,0,1698796800000000000,0.18573415
2023-11-02,3,0,1698883200000000000,0.16939318
2023-11-03,4,0,1698969600000000000,0.15612897
2023-11-04,5,0,1699056000000000000,0.1433269
2023-11-05,6,0,1699142400000000000,0.13120736
2023-11-06,0,0,1699228800000000000,0.1220888
2023-11-07,1,0,1699315200000000000,0.11676443
2023-11-08,2,0,1699401600000000000,0.115437455
2023-11-09,3,0,1699488000000000000,0.13385575
2023-11-10,4,0,1699574400000000000,0.143889
2023-11-11,5,0,1699660800000000000,0.15819858
2023-11-12,6,0,1699747200000000000,0.17619582
2023-11-13,0,0,1699833600000000000,0.21677257
2023-11-14,1,0,1699920000000000000,0.26497933
2023-11-15,2,0,1700006400000000000,0.31624502
2023-11-16,3,0,1700092800000000000,0.3510834
2023-11-17,4,0,1700179200000000000,0.3870385
2023-11-18,5,0,1700265600000000000,0.41780034
2023-11-19,6,0,1700352000000000000,0.44198215
2023-11-20,0,0,1700438400000000000,0.46261805
2023-11-21,1,0,1700524800000000000,0.48100334
2023-11-22,2,0,1700611200000000000,0.496433
2023-11-23,3,0,1700697600000000000,0.5080919
2023-11-24,4,0,1700784000000000000,0.51857847
2023-11-25,5,0,1700870400000000000,0.53387904
2023-11-26,6,0,1700956800000000000,0.53337926
2023-11-27,0,0,1701043200000000000,0.53181624
2023-11-28,1,0,1701129600000000000,0.5300054
2023-11-29,2,0,1701216000000000000,0.53165036
2023-11-30,3,3,1701302400000000000,0.5334759
2023-12-01,4,0,1701388800000000000,0.53500396
2023-12-02,5,0,1701475200000000000,0.53057486
2023-12-03,6,3,1701561600000000000,0.5244572
2023-12-04,0,0,1701648000000000000,0.5198916
2023-12-05,1,0,1701734400000000000,0.51421785
2023-12-06,2,0,1701820800000000000,0.49440232
2023-12-07,3,1,1701907200000000000,0.46988794
2023-12-08,4,0,1701993600000000000,0.44201288
2023-12-09,5,0,1702080000000000000,0.40769687
2023-12-10,6,0,1702166400000000000,0.36809123
2023-12-11,0,0,1702252800000000000,0.33091328
2023-12-12,1,1,1702339200000000000,0.29991302
2023-12-13,2,0,1702425600000000000,0.28858685
2023-12-14,3,0,1702512000000000000,0.26274398
2023-12-15,4,0,1702598400000000000,0.24162282
2023-12-16,5,0,1702684800000000000,0.22241783
2023-12-17,6,0,1702771200000000000,0.21840796
2023-12-18,0,0,1702857600000000000,0.20567143
2023-12-19,1,3,1702944000000000000,0.2065641
2023-12-20,2,3,1703030400000000000,0.21870632
2023-12-21,3,0,1703116800000000000,0.24279302
2023-12-22,4,0,1703203200000000000,0.25275284
2023-12-23,5,0,1703289600000000000,0.25648084
2023-12-24,6,0,1703376000000000000,0.26080316
2023-12-25,0,0,1703462400000000000,0.2547541
2023-12-26,1,1,1703548800000000000,0.2506302
2023-12-27,2,2,1703635200000000000,0.25088263
2023-12-28,3,0,1703721600000000000,0.2482097
2023-12-29,4,3,1703808000000000000,0.25246608
2023-12-30,5,3,1703894400000000000,0.2730553
2023-12-31,6,0,1703980800000000000,0.26662055
2024-01-01,0,0,1704067200000000000,0.25263578
2024-01-02,1,1,1704153600000000000,0.23498528
2024-01-03,2,2,1704240000000000000,0.21663639
2024-01-04,3,0,1704326400000000000,0.19355984
2024-01-05,4,0,1704412800000000000,0.17046297
2024-01-06,5,0,1704499200000000000,0.14628923
2024-01-07,6,0,1704585600000000000,0.12304931
2024-01-08,0,0,1704672000000000000,0.103467725
2024-01-09,1,0,1704758400000000000,0.08772156
2024-01-10,2,0,1704844800000000000,0.07546142
2024-01-11,3,0,1704931200000000000,0.06635813
2024-01-12,4,0,1705017600000000000,0.0605454
2024-01-13,5,0,1705104000000000000,0.05746038
2024-01-14,6,0,1705190400000000000,0.05703238
2024-01-15,0,0,1705276800000000000,0.060132273
2024-01-16,1,0,1705363200000000000,0.06794913
2024-01-17,2,0,1705449600000000000,0.08173856
2024-01-18,3,0,1705536000000000000,0.1027402
2024-01-19,4,0,1705622400000000000,0.13459432
2024-01-20,5,0,1705708800000000000,0.17550491
2024-01-21,6,0,1705795200000000000,0.22230184
2024-01-22,0,0,1705881600000000000,0.2726407
2024-01-23,1,0,1705968000000000000,0.32414138
2024-01-24,2,0,1706054400000000000,0.37309533
2024-01-25,3,0,1706140800000000000,0.41658983
2024-01-26,4,2,1706227200000000000,0.4618406
2024-01-27,5,0,1706313600000000000,0.49798134
2024-01-28,6,3,1706400000000000000,0.53033453
2024-01-29,0,0,1706486400000000000,0.5699226
2024-01-30,1,0,1706572800000000000,0.58409035
2024-01-31,2,3,1706659200000000000,0.5932817
2024-02-01,3,0,1706745600000000000,0.6034875
2024-02-02,4,0,1706832000000000000,0.5945382
2024-02-03,5,2,1706918400000000000,0.57630813
2024-02-04,6,0,1707004800000000000,0.5463869
2024-02-05,0,0,1707091200000000000,0.514756
2024-02-06,1,0,1707177600000000000,0.4714773
2024-02-07,2,1,1707264000000000000,0.4242247
2024-02-08,3,2,1707350400000000000,0.37663028
2024-02-09,4,3,1707436800000000000,0.33618018
2024-02-10,5,0,1707523200000000000,0.29956803
2024-02-11,6,1,1707609600000000000,0.25318062
2024-02-12,0,0,1707696000000000000,0.21064226
2024-02-13,1,0,1707782400000000000,0.17333075
2024-02-14,2,1,1707868800000000000,0.14335282
2024-02-15,3,0,1707955200000000000,0.118349686
2024-02-16,4,0,1708041600000000000,0.09810301
2024-02-17,5,0,1708128000000000000,0.08646689
2024-02-18,6,0,1708214400000000000,0.075452656
2024-02-19,0,0,1708300800000000000,0.063177556
2024-02-20,1,0,1708387200000000000,0.054059293
2024-02-21,2,0,1708473600000000000,0.04783451
2024-02-22,3,0,1708560000000000000,0.044312887
2024-02-23,4,0,1708646400000000000,0.043391008
2024-02-24,5,0,1708732800000000000,0.046047147
2024-02-25,6,0,1708819200000000000,0.05378485
2024-02-26,0,0,1708905600000000000,0.06455815
2024-02-27,1,0,1708992000000000000,0.09238664
2024-02-28,2,0,1709078400000000000,0.1385467
2024-02-29,3,0,1709164800000000000,0.18377107
2024-03-01,4,0,1709251200000000000,0.23940137
2024-03-02,5,0,1709337600000000000,0.30427143
2024-03-03,6,0,1709424000000000000,0.36999843
2024-03-04,0,0,1709510400000000000,0.4164322
2024-03-05,1,2,1709596800000000000,0.4624666
2024-03-06,2,2,1709683200000000000,0.5065269
2024-03-07,3,0,1709769600000000000,0.5417907
2024-03-08,4,0,1709856000000000000,0.5667395
2024-03-09,5,0,1709942400000000000,0.5799714
2024-03-10,6,0,1710028800000000000,0.58179075
2024-03-11,0,0,1710115200000000000,0.57709914
2024-03-12,1,0,1710201600000000000,0.56744117
2024-03-13,2,1,1710288000000000000,0.5546849
2024-03-14,3,0,1710374400000000000,0.53693
2024-03-15,4,0,1710460800000000000,0.5168226
2024-03-16,5,0,1710547200000000000,0.4911833
2024-03-17,6,0,1710633600000000000,0.460058
2024-03-18,0,0,1710720000000000000,0.43002385
2024-03-19,1,0,1710806400000000000,0.4019882
2024-03-20,2,0,1710892800000000000,0.376153
2024-03-21,3,0,1710979200000000000,0.3524873
2024-03-22,4,0,1711065600000000000,0.33497795
2024-03-23,5,0,1711152000000000000,0.31857347
2024-03-24,6,0,1711238400000000000,0.30299646
2024-03-25,0,0,1711324800000000000,0.29279944
2024-03-26,1,3,1711411200000000000,0.30922505
2024-03-27,2,2,1711497600000000000,0.32043213
2024-03-28,3,0,1711584000000000000,0.34572592
2024-03-29,4,0,1711670400000000000,0.35042933
2024-03-30,5,0,1711756800000000000,0.34726882
2024-03-31,6,0,1711843200000000000,0.35179937
2024-04-01,0,0,1711929600000000000,0.33715427
2024-04-02,1,0,1712016000000000000,0.32163697
2024-04-03,2,1,1712102400000000000,0.32068494
2024-04-04,3,0,1712188800000000000,0.30617148
2024-04-05,4,0,1712275200000000000,0.29414544
2024-04-06,5,1,1712361600000000000,0.28318238
2024-04-07,6,0,1712448000000000000,0.2768908
2024-04-08,0,0,1712534400000000000,0.2793079
2024-04-09,1,0,1712620800000000000,0.28951892
2024-04-10,2,0,1712707200000000000,0.28097618
2024-04-11,3,1,1712793600000000000,0.28306308
2024-04-12,4,0,1712880000000000000,0.28237504
2024-04-13,5,0,1712966400000000000,0.2807486
2024-04-14,6,0,1713052800000000000,0.2826275
2024-04-15,0,3,1713139200000000000,0.28987017
2024-04-16,1,0,1713225600000000000,0.29829174
2024-04-17,2,1,1713312000000000000,0.30840924
2024-04-18,3,2,1713398400000000000,0.3199953
2024-04-19,4,0,1713484800000000000,0.32703736
2024-04-20,5,0,1713571200000000000,0.32473472
2024-04-21,6,0,1713657600000000000,0.3125448
2024-04-22,0,0,1713744000000000000,0.29650724
2024-04-23,1,0,1713830400000000000,0.27868375
2024-04-24,2,1,1713916800000000000,0.26262435
2024-04-25,3,0,1714003200000000000,0.24543692
2024-04-26,4,0,1714089600000000000,0.23216
2024-04-27,5,0,1714176000000000000,0.21804805
2024-04-28,6,0,1714262400000000000,0.20341006
2024-04-29,0,0,1714348800000000000,0.19210786
2024-04-30,1,0,1714435200000000000,0.18520962
2024-05-01,2,1,1714521600000000000,0.1851646
2024-05-02,3,0,1714608000000000000,0.18856873
2024-05-03,4,0,1714694400000000000,0.1985365
2024-05-04,5,0,1714780800000000000,0.22624184
2024-05-05,6,0,1714867200000000000,0.25173837
2024-05-06,0,2,1714953600000000000,0.2701003
2024-05-07,1,0,1715040000000000000,0.290629
2024-05-08,2,0,1715126400000000000,0.3111406
2024-05-09,3,0,1715212800000000000,0.3291126
2024-05-10,4,0,1715299200000000000,0.3469378
2024-05-11,5,0,1715385600000000000,0.35929093
2024-05-12,6,2,1715472000000000000,0.3779805
2024-05-13,0,3,1715558400000000000,0.3945184
2024-05-14,1,0,1715644800000000000,0.40592948
2024-05-15,2,0,1715731200000000000,0.4090446
2024-05-16,3,0,1715817600000000000,0.40211007
2024-05-17,4,0,1715904000000000000,0.3922821
2024-05-18,5,1,1715990400000000000,0.37583122
2024-05-19,6,0,1716076800000000000,0.35091266
2024-05-20,0,0,1716163200000000000,0.32425734
2024-05-21,1,0,1716249600000000000,0.29777142
2024-05-22,2,0,1716336000000000000,0.27240106
2024-05-23,3,0,1716422400000000000,0.24877012
2024-05-24,4,0,1716508800000000000,0.23242655
2024-05-25,5,0,1716595200000000000,0.24621738
2024-05-26,6,0,1716681600000000000,0.24553455
2024-05-27,0,0,1716768000000000000,0.23251806
2024-05-28,1,1,1716854400000000000,0.22778718
2024-05-29,2,0,1716940800000000000,0.22744231
2024-05-30,3,0,1717027200000000000,0.230129
2024-05-31,4,3,1717113600000000000,0.24642645
2024-06-01,5,0,1717200000000000000,0.2613413
2024-06-02,6,0,1717286400000000000,0.2787725
2024-06-03,0,3,1717372800000000000,0.2951293
2024-06-04,1,0,1717459200000000000,0.3073558
2024-06-05,2,0,1717545600000000000,0.32061538
2024-06-06,3,0,1717632000000000000,0.31751472
2024-06-07,4,0,1717718400000000000,0.3119127
2024-06-08,5,0,1717804800000000000,0.29871908
2024-06-09,6,0,1717891200000000000,0.27917236
2024-06-10,0,0,1717977600000000000,0.26984048
2024-06-11,1,0,1718064000000000000,0.2515269
2024-06-12,2,2,1718150400000000000,0.2409734
2024-06-13,3,1,1718236800000000000,0.23388028
2024-06-14,4,0,1718323200000000000,0.26551244
2024-06-15,5,0,1718409600000000000,0.25836283
2024-06-16,6,0,1718496000000000000,0.25763538
2024-06-17,0,0,1718582400000000000,0.26495203
2024-06-18,1,0,1718668800000000000,0.25415802
2024-06-19,2,0,1718755200000000000,0.24531718
2024-06-20,3,0,1718841600000000000,0.23816408
2024-06-21,4,0,1718928000000000000,0.23644006
2024-06-22,5,0,1719014400000000000,0.23533526
2024-06-23,6,0,1719100800000000000,0.24125485
2024-06-24,0,0,1719187200000000000,0.24313293
2024-06-25,1,0,1719273600000000000,0.24919073
2024-06-26,2,0,1719360000000000000,0.25861844
2024-06-27,3,0,1719446400000000000,0.27004394
2024-06-28,4,0,1719532800000000000,0.28745627
2024-06-29,5,0,1719619200000000000,0.304196
2024-06-30,6,0,1719705600000000000,0.32730183
2024-07-01,0,2,1719792000000000000,0.34746537
2024-07-02,1,0,1719878400000000000,0.36772862
2024-07-03,2,0,1719964800000000000,0.38580638
2024-07-04,3,0,1720051200000000000,0.39969257
2024-07-05,4,0,1720137600000000000,0.4313191
2024-07-06,5,0,1720224000000000000,0.43673047
2024-07-07,6,0,1720310400000000000,0.43500742
2024-07-08,0,0,1720396800000000000,0.43138635
2024-07-09,1,0,1720483200000000000,0.42742047
2024-07-10,2,3,1720569600000000000,0.4307318
2024-07-11,3,0,1720656000000000000,0.44501796
2024-07-12,4,0,1720742400000000000,0.45922628
2024-07-13,5,0,1720828800000000000,0.4473667
2024-07-14,6,1,1720915200000000000,0.4300132
2024-07-15,0,0,1721001600000000000,0.41053522
2024-07-16,1,0,1721088000000000000,0.3893872
2024-07-17,2,0,1721174400000000000,0.3723298
2024-07-18,3,0,1721260800000000000,0.34749728
2024-07-19,4,0,1721347200000000000,0.3254817
2024-07-20,5,0,1721433600000000000,0.30232605
2024-07-21,6,0,1721520000000000000,0.27851668
2024-07-22,0,0,1721606400000000000,0.2590864
2024-07-23,1,0,1721692800000000000,0.24476397
2024-07-24,2,2,1721779200000000000,0.24049951
2024-07-25,3,0,1721865600000000000,0.23871323
2024-07-26,4,0,1721952000000000000,0.24078667
2024-07-27,5,0,1722038400000000000,0.24771978
2024-07-28,6,0,1722124800000000000,0.24644774
2024-07-29,0,0,1722211200000000000,0.2467106
2024-07-30,1,0,1722297600000000000,0.26634863
2024-07-31,2,0,1722384000000000000,0.27023286
2024-08-01,3,0,1722470400000000000,0.27513126
2024-08-02,4,0,1722556800000000000,0.30076772
2024-08-03,5,0,1722643200000000000,0.30752274
2024-08-04,6,0,1722729600000000000,0.31208447
2024-08-05,0,0,1722816000000000000,0.31823218
2024-08-06,1,0,1722902400000000000,0.32698214
2024-08-07,2,3,1722988800000000000,0.34621623
2024-08-08,3,2,1723075200000000000,0.36951405
2024-08-09,4,0,1723161600000000000,0.39065656
2024-08-10,5,0,1723248000000000000,0.40180933
2024-08-11,6,0,1723334400000000000,0.41211492
2024-08-12,0,0,1723420800000000000,0.40912363
2024-08-13,1,0,1723507200000000000,0.39653888
2024-08-14,2,0,1723593600000000000,0.38018352
2024-08-15,3,0,1723680000000000000,0.36049312
2024-08-16,4,0,1723766400000000000,0.34195504
2024-08-17,5,0,1723852800000000000,0.32119825
2024-08-18,6,3,1723939200000000000,0.30697012
2024-08-19,0,0,1724025600000000000,0.29404786
2024-08-20,1,0,1724112000000000000,0.28174168
2024-08-21,2,0,1724198400000000000,0.2689793
2024-08-22,3,0,1724284800000000000,0.25519258
2024-08-23,4,3,1724371200000000000,0.25184676
2024-08-24,5,0,1724457600000000000,0.24461435
2024-08-25,6,0,1724544000000000000,0.23241039
2024-08-26,0,0,1724630400000000000,0.2190875
2024-08-27,1,3,1724716800000000000,0.21308453
2024-08-28,2,0,1724803200000000000,0.20492868
2024-08-29,3,0,1724889600000000000,0.1938007
2024-08-30,4,0,1724976000000000000,0.1933254
2024-08-31,5,0,1725062400000000000,0.17850378
2024-09-01,6,0,1725148800000000000,0.1617341
2024-09-02,0,2,1725235200000000000,0.15080234
2024-09-03,1,0,1725321600000000000,0.14119534
2024-09-04,2,0,1725408000000000000,0.13274404
2024-09-05,3,1,1725494400000000000,0.12703776
2024-09-06,4,0,1725580800000000000,0.12423067
2024-09-07,5,0,1725667200000000000,0.12126862
2024-09-08,6,0,1725753600000000000,0.13408758
2024-09-09,0,0,1725840000000000000,0.13185114
2024-09-10,1,0,1725926400000000000,0.13240193
2024-09-11,2,1,1726012800000000000,0.13789628
2024-09-12,3,0,1726099200000000000,0.15253672
2024-09-13,4,0,1726185600000000000,0.16673414
2024-09-14,5,0,1726272000000000000,0.18216011
2024-09-15,6,0,1726358400000000000,0.19756636
2024-09-16,0,0,1726444800000000000,0.21503924
2024-09-17,1,0,1726531200000000000,0.23551758
2024-09-18,2,0,1726617600000000000,0.2579702
2024-09-19,3,0,1726704000000000000,0.2806381
2024-09-20,4,1,1726790400000000000,0.31120074
2024-09-21,5,0,1726876800000000000,0.33789515
2024-09-22,6,0,1726963200000000000,0.37751457
2024-09-23,0,0,1727049600000000000,0.39262938
2024-09-24,1,0,1727136000000000000,0.4051322
2024-09-25,2,0,1727222400000000000,0.41429257
2024-09-26,3,0,1727308800000000000,0.41928738
2024-09-27,4,0,1727395200000000000,0.4267567
2024-09-28,5,0,1727481600000000000,0.42882922
2024-09-29,6,0,1727568000000000000,0.42521995
2024-09-30,0,0,1727654400000000000,0.42075172
2024-10-01,1,0,1727740800000000000,0.41678977
2024-10-02,2,0,1727827200000000000,0.41286698
2024-10-03,3,0,1727913600000000000,0.40817642
2024-10-04,4,2,1728000000000000000,0.41299406
2024-10-05,5,0,1728086400000000000,0.4136521
2024-10-06,6,3,1728172800000000000,0.43787643
2024-10-07,0,0,1728259200000000000,0.44567233
2024-10-08,1,0,1728345600000000000,0.43505344
2024-10-09,2,0,1728432000000000000,0.41797578
2024-10-10,3,2,1728518400000000000,0.39847916
2024-10-11,4,0,1728604800000000000,0.3764458
2024-10-12,5,0,1728691200000000000,0.3463612
2024-10-13,6,0,1728777600000000000,0.30957156
2024-10-14,0,0,1728864000000000000,0.273555
2024-10-15,1,0,1728950400000000000,0.24027598
2024-10-16,2,3,1729036800000000000,0.21737982
2024-10-17,3,2,1729123200000000000,0.21769245
2024-10-18,4,0,1729209600000000000,0.19967864
2024-10-19,5,0,1729296000000000000,0.17898719
2024-10-20,6,0,1729382400000000000,0.15652205
2024-10-21,0,0,1729468800000000000,0.13596763
2024-10-22,1,0,1729555200000000000,0.12961015
2024-10-23,2,0,1729641600000000000,0.11288725
2024-10-24,3,0,1729728000000000000,0.099120766
2024-10-25,4,1,1729814400000000000,0.090757616
2024-10-26,5,0,1729900800000000000,0.0919327
2024-10-27,6,0,1729987200000000000,0.0860352
2024-10-28,0,0,1730073600000000000,0.0827124
2024-10-29,1,0,1730160000000000000,0.082664095
2024-10-30,2,2,1730246400000000000,0.088746995
2024-10-31,3,0,1730332800000000000,0.09780397
2024-11-01,4,0,1730419200000000000,0.119421385
2024-11-02,5,0,1730505600000000000,0.13695155
2024-11-03,6,0,1730592000000000000,0.15593131
2024-11-04,0,0,1730678400000000000,0.18393162
2024-11-05,1,0,1730764800000000000,0.20944901
2024-11-06,2,0,1730851200000000000,0.23704411
2024-11-07,3,0,1730937600000000000,0.26476824
2024-11-08,4,0,1731024000000000000,0.29679483
2024-11-09,5,0,1731110400000000000,0.3250785
2024-11-10,6,0,1731196800000000000,0.35705304
2024-11-11,0,0,1731283200000000000,0.37622213
2024-11-12,1,0,1731369600000000000,0.39396426
2024-11-13,2,0,1731456000000000000,0.40946975
2024-11-14,3,0,1731542400000000000,0.4216581
2024-11-15,4,0,1731628800000000000,0.43449476
2024-11-16,5,0,1731715200000000000,0.44190368
2024-11-17,6,1,1731801600000000000,0.44608316
2024-11-18,0,0,1731888000000000000,0.44823757
2024-11-19,1,0,1731974400000000000,0.4549125
2024-11-20,2,3,1732060800000000000,0.4597374
2024-11-21,3,0,1732147200000000000,0.4595681
2024-11-22,4,0,1732233600000000000,0.45630684
2024-11-23,5,0,1732320000000000000,0.4437785
2024-11-24,6,0,1732406400000000000,0.42174843
2024-11-25,0,0,1732492800000000000,0.39661905
2024-11-26,1,0,1732579200000000000,0.37008664
2024-11-27,2,0,1732665600000000000,0.34282574
2024-11-28,3,0,1732752000000000000,0.31535852
2024-11-29,4,3,1732838400000000000,0.30125904
2024-11-30,5,0,1732924800000000000,0.2845796
2024-12-01,6,0,1733011200000000000,0.2639775
2024-12-02,0,0,1733097600000000000,0.24376053
2024-12-03,1,0,1733184000000000000,0.23933077
2024-12-04,2,1,1733270400000000000,0.2225372
2024-12-05,3,0,1733356800000000000,0.22643127
2024-12-06,4,0,1733443200000000000,0.21179177
2024-12-07,5,1,1733529600000000000,0.19894487
2024-12-08,6,0,1733616000000000000,0.18498832
2024-12-09,0,0,1733702400000000000,0.18388292
2024-12-10,1,0,1733788800000000000,0.17341128
2024-12-11,2,0,1733875200000000000,0.16556151
2024-12-12,3,0,1733961600000000000,0.15998434
2024-12-13,4,0,1734048000000000000,0.1589033
2024-12-14,5,2,1734134400000000000,0.16363673
2024-12-15,6,0,1734220800000000000,0.18335553
2024-12-16,0,0,1734307200000000000,0.198733
2024-12-17,1,0,1734393600000000000,0.20517254
2024-12-18,2,2,1734480000000000000,0.21766283
2024-12-19,3,3,1734566400000000000,0.23675421
2024-12-20,4,0,1734652800000000000,0.25559416
2024-12-21,5,0,1734739200000000000,0.2659589
2024-12-22,6,0,1734825600000000000,0.26561743
2024-12-23,0,0,1734912000000000000,0.2589077
2024-12-24,1,3,1734998400000000000,0.26393744
2024-12-25,2,0,1735084800000000000,0.2547458
2024-12-26,3,0,1735171200000000000,0.2393546
2024-12-27,4,0,1735257600000000000,0.22381409
2024-12-28,5,0,1735344000000000000,0.2036767
2024-12-29,6,0,1735430400000000000,0.19487217
2024-12-30,0,1,1735516800000000000,0.17435361
2024-12-31,1,0,1735603200000000000,0.1564996
2025-01-01,2,0,1735689600000000000,0.14126292
2025-01-02,3,0,1735776000000000000,0.12839073
2025-01-03,4,0,1735862400000000000,0.12088905
2025-01-04,5,0,1735948800000000000,0.11498245
2025-01-05,6,0,1736035200000000000,0.11053075
2025-01-06,0,0,1736121600000000000,0.10920412
2025-01-07,1,2,1736208000000000000,0.11522453
2025-01-08,2,0,1736294400000000000,0.12456307
2025-01-09,3,0,1736380800000000000,0.13650054
2025-01-10,4,0,1736467200000000000,0.15448834
2025-01-11,5,1,1736553600000000000,0.17575485
2025-01-12,6,0,1736640000000000000,0.19596462
2025-01-13,0,0,1736726400000000000,0.2161105
2025-01-14,1,0,1736812800000000000,0.23652332
2025-01-15,2,1,1736899200000000000,0.2585489
2025-01-16,3,0,1736985600000000000,0.28928128
2025-01-17,4,0,1737072000000000000,0.3111028
2025-01-18,5,0,1737158400000000000,0.32609513
2025-01-19,6,0,1737244800000000000,0.37124974
2025-01-20,0,0,1737331200000000000,0.37176818
2025-01-21,1,0,1737417600000000000,0.37023875
2025-01-22,2,2,1737504000000000000,0.372381
2025-01-23,3,0,1737590400000000000,0.37103337
2025-01-24,4,1,1737676800000000000,0.37610763
2025-01-25,5,0,1737763200000000000,0.37355438
2025-01-26,6,0,1737849600000000000,0.36243662
2025-01-27,0,0,1737936000000000000,0.3480908
2025-01-28,1,0,1738022400000000000,0.36282864
2025-01-29,2,0,1738108800000000000,0.34239542
2025-01-30,3,0,1738195200000000000,0.320489
2025-01-31,4,1,1738281600000000000,0.306341
2025-02-01,5,0,1738368000000000000,0.2898869
2025-02-02,6,0,1738454400000000000,0.27918163
2025-02-03,0,0,1738540800000000000,0.2609407
2025-02-04,1,0,1738627200000000000,0.24547769
2025-02-05,2,2,1738713600000000000,0.2457831
2025-02-06,3,0,1738800000000000000,0.23768309
2025-02-07,4,0,1738886400000000000,0.23375021
2025-02-08,5,0,1738972800000000000,0.22733852
2025-02-09,6,0,1739059200000000000,0.21810205
2025-02-10,0,0,1739145600000000000,0.20981914
2025-02-11,1,0,1739232000000000000,0.20380443
2025-02-12,2,0,1739318400000000000,0.21474804
2025-02-13,3,0,1739404800000000000,0.21102934
2025-02-14,4,0,1739491200000000000,0.21288823
2025-02-15,5,1,1739577600000000000,0.21744746
2025-02-16,6,0,1739664000000000000,0.23667717
2025-02-17,0,0,1739750400000000000,0.2641176
2025-02-18,1,0,1739836800000000000,0.26686037
2025-02-19,2,1,1739923200000000000,0.2733612
2025-02-20,3,1,1740009600000000000,0.2819546
2025-02-21,4,0,1740096000000000000,0.29297698
2025-02-22,5,0,1740182400000000000,0.3212994
2025-02-23,6,0,1740268800000000000,0.31808823
2025-02-24,0,0,1740355200000000000,0.3127035
2025-02-25,1,0,1740441600000000000,0.3068031
2025-02-26,2,0,1740528000000000000,0.30033168
2025-02-27,3,0,1740614400000000000,0.2929189
2025-02-28,4,0,1740700800000000000,0.2972168
2025-03-01,5,0,1740787200000000000,0.29140308
2025-03-02,6,1,1740873600000000000,0.28605717
2025-03-03,0,0,1740960000000000000,0.2818994
2025-03-04,1,0,1741046400000000000,0.2795978
2025-03-05,2,1,1741132800000000000,0.2810913
2025-03-06,3,2,1741219200000000000,0.28738976
2025-03-07,4,2,1741305600000000000,0.30051082
2025-03-08,5,0,1741392000000000000,0.31985682
2025-03-09,6,0,1741478400000000000,0.31259593
2025-03-10,0,0,1741564800000000000,0.29916367
2025-03-11,1,0,1741651200000000000,0.28156316
2025-03-12,2,0,1741737600000000000,0.26737657
2025-03-13,3,1,1741824000000000000,0.24624376
2025-03-14,4,0,1741910400000000000,0.22791898
2025-03-15,5,0,1741996800000000000,0.20771971
2025-03-16,6,0,1742083200000000000,0.19242135
2025-03-17,0,0,1742169600000000000,0.17319724
2025-03-18,1,0,1742256000000000000,0.15777399
2025-03-19,2,0,1742342400000000000,0.14599445
2025-03-20,3,1,1742428800000000000,0.13941365
2025-03-21,4,0,1742515200000000000,0.1382098
2025-03-22,5,0,1742601600000000000,0.13823049
2025-03-23,6,0,1742688000000000000,0.14981434
2025-03-24,0,0,1742774400000000000,0.15225592
2025-03-25,1,0,1742860800000000000,0.16391253
2025-03-26,2,0,1742947200000000000,0.17299838
2025-03-27,3,0,1743033600000000000,0.18463174
2025-03-28,4,0,1743120000000000000,0.2022602
2025-03-29,5,0,1743206400000000000,0.22040379
2025-03-30,6,0,1743292800000000000,0.23744318
2025-03-31,0,0,1743379200000000000,0.25544152
2025-04-01,1,0,1743465600000000000,0.28263563
2025-04-02,2,0,1743552000000000000,0.30228364
2025-04-03,3,0,1743638400000000000,0.320531
2025-04-04,4,0,1743724800000000000,0.3416583
2025-04-05,5,0,1743811200000000000,0.35815603
2025-04-06,6,0,1743897600000000000,0.38369092
2025-04-07,0,3,1743984000000000000,0.39879167
2025-04-08,1,0,1744070400000000000,0.4115323
2025-04-09,2,0,1744156800000000000,0.41922483
2025-04-10,3,3,1744243200000000000,0.42720893
2025-04-11,4,0,1744329600000000000,0.43074146
2025-04-12,5,0,1744416000000000000,0.4216798
2025-04-13,6,0,1744502400000000000,0.39958024
2025-04-14,0,0,1744588800000000000,0.37132278
2025-04-15,1,0,1744675200000000000,0.33947912
2025-04-16,2,1,1744761600000000000,0.314744
2025-04-17,3,0,1744848000000000000,0.2810656
2025-04-18,4,0,1744934400000000000,0.25149506
2025-04-19,5,0,1745020800000000000,0.22164768
2025-04-20,6,0,1745107200000000000,0.19845194
2025-04-21,0,1,1745193600000000000,0.18084177
2025-04-22,1,0,1745280000000000000,0.16165425
2025-04-23,2,0,1745366400000000000,0.14620087
2025-04-24,3,0,1745452800000000000,0.13380048
2025-04-25,4,0,1745539200000000000,0.12655982
2025-04-26,5,0,1745625600000000000,0.12105057
2025-04-27,6,0,1745712000000000000,0.11700037
2025-04-28,0,0,1745798400000000000,0.116103336
2025-04-29,1,0,1745884800000000000,0.11928604
2025-04-30,2,2,1745971200000000000,0.13015588
2025-05-01,3,0,1746057600000000000,0.14856744
2025-05-02,4,2,1746144000000000000,0.17164032
2025-05-03,5,3,1746230400000000000,0.20156427
2025-05-04,6,0,1746316800000000000,0.23300543
2025-05-05,0,2,1746403200000000000,0.27063447
2025-05-06,1,3,1746489600000000000,0.30614722
2025-05-07,2,1,1746576000000000000,0.31360492
2025-05-08,3,0,1746662400000000000,0.30219322
2025-05-09,4,0,1746748800000000000,0.27989116
2025-05-10,5,3,1746835200000000000,0.25042322
2025-05-11,6,3,1746921600000000000,0.21671733
2025-05-12,0,1,1747008000000000000,0.18873432
2025-05-13,1,0,1747094400000000000,0.15322116
2025-05-14,2,0,1747180800000000000,0.12171753
2025-05-15,3,1,1747267200000000000,0.09689598
2025-05-16,4,2,1747353600000000000,0.0805097
2025-05-17,5,0,1747440000000000000,0.06657085
2025-05-18,6,0,1747526400000000000,0.05503152
2025-05-19,0,0,1747612800000000000,0.046752017
2025-05-20,1,0,1747699200000000000,0.038787767
2025-05-21,2,1,1747785600000000000,0.032774575
2025-05-22,3,0,1747872000000000000,0.027738962
2025-05-23,4,0,1747958400000000000,0.023555182
2025-05-24,5,0,1748044800000000000,0.02024565
2025-05-25,6,0,1748131200000000000,0.017889401
2025-05-26,0,1,1748217600000000000,0.0166538
2025-05-27,1,0,1748304000000000000,0.016384112
2025-05-28,2,0,1748390400000000000,0.017139543
2025-05-29,3,0,1748476800000000000,0.019077
2025-05-30,4,0,1748563200000000000,0.02294718
2025-05-31,5,0,1748649600000000000,0.029537143
2025-06-01,6,0,1748736000000000000,0.040279314
2025-06-02,0,0,1748822400000000000,0.057841863
2025-06-03,1,1,1748908800000000000,0.08668195
2025-06-04,2,2,1748995200000000000,0.13109148
2025-06-05,3,0,1749081600000000000,0.1879675
2025-06-06,4,0,1749168000000000000,0.2961341
2025-06-07,5,0,1749254400000000000,0.3632028
2025-06-08,6,1,1749340800000000000,0.4214818
2025-06-09,0,2,1749427200000000000,0.49287167
2025-06-10,1,0,1749513600000000000,0.5305628
2025-06-11,2,2,1749600000000000000,0.55812865
2025-06-12,3,3,1749686400000000000,0.5738855
2025-06-13,4,0,1749772800000000000,0.5735433
2025-06-14,5,0,1749859200000000000,0.5540345
2025-06-15,6,2,1749945600000000000,0.52173096
2025-06-16,0,0,1750032000000000000,0.47185233
2025-06-17,1,0,1750118400000000000,0.40974283
2025-06-18,2,1,1750204800000000000,0.34171966
2025-06-19,3,0,1750291200000000000,0.27319297
2025-06-20,4,0,1750377600000000000,0.22709726
2025-06-21,5,0,1750464000000000000,0.17699037
2025-06-22,6,0,1750550400000000000,0.13642676
2025-06-23,0,2,1750636800000000000,0.1091433
2025-06-24,1,0,1750723200000000000,0.08878531
2025-06-25,2,0,1750809600000000000,0.07339379
2025-06-26,3,0,1750896000000000000,0.061575226
2025-06-27,4,0,1750982400000000000,0.052438248
2025-06-28,5,0,1751068800000000000,0.045252364
2025-06-29,6,0,1751155200000000000,0.041336708
2025-06-30,0,0,1751241600000000000,0.037470896
2025-07-01,1,0,1751328000000000000,0.03679197
2025-07-02,2,1,1751414400000000000,0.039734513
2025-07-03,3,0,1751500800000000000,0.042789243
2025-07-04,4,2,1751587200000000000,0.052291658
2025-07-05,5,0,1751673600000000000,0.070280544
2025-07-06,6,0,1751760000000000000,0.09012733
2025-07-07,0,0,1751846400000000000,0.11069989
2025-07-08,1,0,1751932800000000000,0.13611747
2025-07-09,2,0,1752019200000000000,0.19881994
2025-07-10,3,0,1752105600000000000,0.2755089
2025-07-11,4,0,1752192000000000000,0.32824737
2025-07-12,5,0,1752278400000000000,0.35704345
2025-07-13,6,2,1752364800000000000,0.38185754
2025-07-14,0,0,1752451200000000000,0.4128158
2025-07-15,1,0,1752537600000000000,0.444463
2025-07-16,2,0,1752624000000000000,0.44492882
2025-07-17,3,1,1752710400000000000,0.43937007
2025-07-18,4,3,1752796800000000000,0.43881774
2025-07-19,5,0,1752883200000000000,0.42701185
2025-07-20,6,0,1752969600000000000,0.41104582
2025-07-21,0,0,1753056000000000000,0.37782067
2025-07-22,1,0,1753142400000000000,0.33952177
2025-07-23,2,3,1753228800000000000,0.30480552
2025-07-24,3,0,1753315200000000000,0.2669368
2025-07-25,4,0,1753401600000000000,0.24341841
2025-07-26,5,0,1753488000000000000,0.2070781
2025-07-27,6,0,1753574400000000000,0.17169029
2025-07-28,0,0,1753660800000000000,0.14179988
2025-07-29,1,0,1753747200000000000,0.11773724
2025-07-30,2,0,1753833600000000000,0.09881872
2025-07-31,3,0,1753920000000000000,0.08421842
2025-08-01,4,0,1754006400000000000,0.07422093
2025-08-02,5,2,1754092800000000000,0.07162276
2025-08-03,6,2,1754179200000000000,0.075307734
2025-08-04,0,0,1754265600000000000,0.07345948
2025-08-05,1,1,1754352000000000000,0.07402545
2025-08-06,2,0,1754438400000000000,0.075235166
2025-08-07,3,0,1754524800000000000,0.07953744
2025-08-08,4,2,1754611200000000000,0.092146546
2025-08-09,5,0,1754697600000000000,0.09620773
2025-08-10,6,0,1754784000000000000,0.10818828
2025-08-11,0,0,1754870400000000000,0.1270246
2025-08-12,1,0,1754956800000000000,0.12529185
2025-08-13,2,0,1755043200000000000,0.12294864
2025-08-14,3,2,1755129600000000000,0.13910118
2025-08-15,4,0,1755216000000000000,0.14318769
2025-08-16,5,0,1755302400000000000,0.14467102
2025-08-17,6,0,1755388800000000000,0.15284072
2025-08-18,0,0,1755475200000000000,0.1494516
2025-08-19,1,0,1755561600000000000,0.14659464
2025-08-20,2,0,1755648000000000000,0.14451194
2025-08-21,3,0,1755734400000000000,0.1431321
2025-08-22,4,0,1755820800000000000,0.17354651
2025-08-23,5,0,1755907200000000000,0.17843163
2025-08-24,6,0,1755993600000000000,0.18200639
2025-08-25,0,0,1756080000000000000,0.18684939
2025-08-26,1,0,1756166400000000000,0.19424814
2025-08-27,2,0,1756252800000000000,0.20371096
2025-08-28,3,0,1756339200000000000,0.21418202
2025-08-29,4,0,1756425600000000000,0.23282668
2025-08-30,5,0,1756512000000000000,0.24940963
2025-08-31,6,0,1756598400000000000,0.27390194
2025-09-01,0,0,1756684800000000000,0.28393182
2025-09-02,1,0,1756771200000000000,0.31627876
2025-09-03,2,0,1756857600000000000,0.32235315
2025-09-04,3,3,1756944000000000000,0.33448872
2025-09-05,4,0,1757030400000000000,0.3508347
2025-09-06,5,0,1757116800000000000,0.35854664
2025-09-07,6,1,1757203200000000000,0.35851154
2025-09-08,0,0,1757289600000000000,0.35195115
2025-09-09,1,1,1757376000000000000,0.34286776
2025-09-10,2,3,1757462400000000000,0.33542743
2025-09-11,3,0,1757548800000000000,0.33995065
2025-09-12,4,1,1757635200000000000,0.32062194
2025-09-13,5,0,1757721600000000000,0.2905055
2025-09-14,6,0,1757808000000000000,0.25224736
2025-09-15,0,0,1757894400000000000,0.22231148
2025-09-16,1,3,1757980800000000000,0.21414769
2025-09-17,2,0,1758067200000000000,0.18044671
2025-09-18,3,1,1758153600000000000,0.15126936
2025-09-19,4,0,1758240000000000000,0.12788162
2025-09-20,5,0,1758326400000000000,0.10647655
2025-09-21,6,0,1758412800000000000,0.09792537
2025-09-22,0,0,1758499200000000000,0.08019953
2025-09-23,1,0,1758585600000000000,0.066343404
2025-09-24,2,1,1758672000000000000,0.056583684
2025-09-25,3,0,1758758400000000000,0.049026985
2025-09-26,4,0,1758844800000000000,0.04381604
